JobRole,Employees,AttritionCases,AvgMonthlyIncome,AvgYearsAtCompany,AttritionRate
Sales Representative,83,33,2626.0,2.9156626506024095,0.39759036144578314
Laboratory Technician,259,62,3237.169884169884,5.019305019305019,0.23938223938223938
Human Resources,52,12,4235.75,5.326923076923077,0.23076923076923078
Sales Executive,326,57,6924.2791411042945,7.4969325153374236,0.17484662576687116
Research Scientist,292,47,3239.972602739726,5.113013698630137,0.16095890410958905
Manufacturing Director,145,10,7295.137931034483,7.6,0.06896551724137931
Healthcare Representative,131,9,7528.763358778626,8.374045801526718,0.06870229007633588
Manager,102,5,17181.676470588234,14.431372549019608,0.049019607843137254
Research Director,80,2,16033.55,10.9375,0.025
